{"cameraMode":{"drawMode":0,"name":"Shaded","section":"Shading Mode"},"sceneLighting":true,"audioPlay":false,"sceneViewState":{"m_AlwaysRefresh":false,"showFog":true,"showSkybox":true,"showFlares":true,"showImageEffects":true,"showParticleSystems":true,"showVisualEffectGraphs":true,"m_FxEnabled":true},"in2DMode":false,"pivot":{"x":0.6312332153320313,"y":-2.6617000102996828,"z":-33.625244140625},"rotation":{"x":-0.00003402954462217167,"y":-0.9999566674232483,"z":0.013807985931634903,"w":-0.0024020373821258547},"size":32.153907775878909,"orthographic":false}